Linea 14 – Collenocello - Campolimpido - Tivoli;Domenica e festivi;;;;;;
Fermata;Località;L3_SCLFEST073514R70142;L3_SCLFEST092014R70142;L3_SCLFEST111014R70142;L3_SCLFEST130014R70142;L3_SCLFEST145014R70142;L3_SCLFEST164014R70142;L3_SCLFEST183014R70142
CASE POPOLARI - Via Campolimpido, 35;Guidonia Montecelio;07:35;09:20;11:10;13:00;14:50;16:40;18:30
Via Campolimpido, 17;Villanova;07:36;09:21;11:11;13:01;14:51;16:41;18:31
SP45a, 69;Campo Limpido-Favale;07:38;09:23;11:13;13:03;14:53;16:43;18:33
Via Campolimpido, 26-32;Campo Limpido-Favale;07:40;09:25;11:15;13:05;14:55;16:45;18:35
Via Campolimpido, 10;Campo Limpido-Favale;07:41;09:26;11:16;13:06;14:56;16:46;18:36
Str. Favale, 2B;Campo Limpido-Favale;07:42;09:27;11:17;13:07;14:57;16:47;18:37
Str. Favale, 20;Campo Limpido-Favale;07:44;09:29;11:19;13:09;14:59;16:49;18:39
Str. Favale, 231;Guidonia Montecelio;07:46;09:31;11:21;13:11;15:01;16:51;18:41
Via Giuseppe Garibaldi, 264;Guidonia Montecelio;07:47;09:32;11:22;13:12;15:02;16:52;18:42
Via Tiburtina (Pontelucano);Guidonia;07:49;09:34;11:24;13:14;15:04;16:54;18:44
Via Tiburtina Via Serena;Tivoli;07:53;09:38;11:28;13:18;15:08;16:58;18:48
Via Tiburtina Via Adriano;Tivoli;07:55;09:40;11:30;13:20;15:10;17:00;18:50
Via Tiburtina (Villa Adriana);Tivoli;07:56;09:41;11:31;13:21;15:11;17:01;18:51
Via Tiburtina Via Orti;Tivoli;07:57;09:42;11:32;13:22;15:12;17:02;18:52
Via Tiburtina Via S. Vittorino;Tivoli;08:01;09:46;11:36;13:26;15:16;17:06;18:56
Via Tiburtina (G. d. Finanza);Tivoli;08:05;09:50;11:40;13:30;15:20;17:10;19:00
Via Tiburtina Viale Arnaldi;Tivoli;08:07;09:52;11:42;13:32;15:22;17:12;19:02
Piazzale Nazioni Unite;Tivoli;08:09;09:54;11:44;13:34;15:24;17:14;19:04
Tivoli viale Tomei /Ospedale;;08:10;09:55;11:45;13:35;15:25;17:15;19:05
Viale Roma (Ospedale);Tivoli;08:11;09:56;11:46;13:36;15:26;17:16;19:06
PIAZZA MASSIMO - Largo Sant'Angelo;Tivoli;08:13;09:58;11:48;13:38;15:28;17:18;19:08
