Linea 10 – S. Balbina - Stazione di Tivoli;Lunedì–Venerdì;;;;;;;;;;;;
Fermata;Località;L1_SCLFER060510A70107;L1_SCLFER071510A70105;L1_SCLFER080510A70105;L1_SCLFER090010A70105;L1_SCLFER102510A70105;L1_SCLFER115010A70105;L1_SCLFER130010A70105;L1_SCLFER141010A70105;L1_SCLFER150010A70105;L1_SCLFER160510A70105;L1_SCLFER170010A70105;L1_SCLFER180010A70105;L1_SCLFER190010A70105
SANTA BALBINA - Capolinea - Via S. Balbina, 19;Santa Balbina;06:05;07:15;08:05;09:00;10:25;11:50;13:00;14:10;15:00;16:05;17:00;18:00;19:00
Via Tivoli (Km 5);San Polo;06:10;;;;;;;;;;;;
Via Tivoli (Km 6);San Polo;06:13;;;;;;;;;;;;
Via Roma Via Ungheria;San Polo dei Cavalieri;06:14;;;;;;;;;;;;
Piazza Marconi;San Polo;06:15;;;;;;;;;;;;
Viale Umberto I;San Polo;06:16;;;;;;;;;;;;
Via Marcellina Via Sant'Antonio;San Polo;06:16;;;;;;;;;;;;
Capolinea;San Polo dei Cavalieri;06:17;;;;;;;;;;;;
Viale Umberto I;San Polo;06:19;;;;;;;;;;;;
Piazza Marconi;San Polo;06:20;;;;;;;;;;;;
Via Roma Via Ungheria;San Polo dei Cavalieri;06:21;;;;;;;;;;;;
Via Tivoli (Km 6);San Polo;06:22;;;;;;;;;;;;
Via Tivoli (Km 5);San Polo;06:25;;;;;;;;;;;;
Via Tivoli Via Santa Balbina;San Polo;06:27;;;;;;;;;;;;
Via San Polo Viale Platani;Bivio San Polo;06:34;;;;;;;;;;;;
Via Tiburtina Via Santa Balbina;Vicovaro;;07:16;08:06;09:01;10:26;11:51;13:01;14:11;15:01;16:06;17:01;18:01;19:01
Via San Polo Via Tiburtina;Tivoli;06:34;07:22;08:12;09:07;10:32;11:57;13:07;14:17;15:07;16:12;17:07;18:07;19:07
Via Tiburtina Via Monti Lucretili;Tivoli;06:37;07:26;08:16;09:11;10:36;12:01;13:11;14:21;15:11;16:16;17:11;18:11;19:11
Via Sant'Agnese;Tivoli;06:39;07:28;08:18;09:13;10:38;12:03;13:13;14:23;15:13;16:18;17:13;18:13;19:13
Viale Mazzini (Stazione FS) | Ist, professionale OLIVIERI;Tivoli;06:41;07:30;08:20;09:15;10:40;12:05;13:15;14:25;15:15;16:20;17:15;18:15;19:15
PIAZZA MASSIMO - Largo Sant'Angelo;Tivoli;06:41;07:30;08:20;09:15;10:40;12:05;13:15;14:25;15:15;16:20;17:15;18:15;19:15
Viale Mazzini (Stazione FS) | Ist, professionale OLIVIERI;Tivoli;06:41;07:31;08:21;09:16;10:41;12:06;13:16;14:26;15:16;16:21;17:16;18:16;19:16
STAZIONE FS Tivoli;Tivoli;06:42;07:32;08:22;09:17;10:42;12:07;13:17;14:27;15:17;16:22;17:17;18:17;19:17
