Linea 18 – Tivoli Terme - Villa Adriana - Tivoli;Sabato;;;;;;;;;
Fermata;Località;L2_SCLPREF063018A70181;L2_SCLPREF073918A70181;L2_SCLPREF085218A70181;L2_SCLPREF103018A70181;L2_SCLPREF123018A70181;L2_SCLPREF134518A70181;L2_SCLPREF152018A70181;L2_SCLPREF170018A70181;L2_SCLPREF181518A70181;L2_SCLPREF192518A70181
Largo Ugo La Malfa, 11;Tivoli Terme;06:30;07:39;08:52;10:30;12:30;13:45;15:20;17:00;18:15;19:25
Via Dante Alighieri, 43;Tivoli Terme;06:32;07:41;08:54;10:32;12:32;13:47;15:22;17:02;18:17;19:27
Via Dante Alighieri, 1;Tivoli Terme;06:33;07:42;08:55;10:33;12:33;13:48;15:23;17:03;18:18;19:28
Via Morante Via Tiburtina;Guidonia;06:33;07:42;08:55;10:33;12:33;13:48;15:23;17:03;18:18;19:28
Via Lago della Regina, 56;Tivoli Terme;06:35;07:44;08:57;10:35;12:35;13:50;15:25;17:05;18:20;19:30
Via Lago Colonnelle, 29;Tivoli Terme;06:36;07:45;08:58;10:36;12:36;13:51;15:26;17:06;18:21;19:31
Via Lago Colonnelle, 6;Tivoli Terme;06:36;07:45;08:58;10:36;12:36;13:51;15:26;17:06;18:21;19:31
Stazione Bagni di Tivoli  -Via Marcantonio Nicodemi, 44A;Tivoli Terme;06:38;07:47;09:00;10:38;12:38;13:53;15:28;17:08;18:23;19:33
Via Papa Pio IX, 3;Tivoli Terme;06:39;07:48;09:01;10:39;12:39;13:54;15:29;17:09;18:24;19:34
Bagni di Tivoli FS;Tivoli;06:40;07:49;09:02;10:40;12:40;13:55;15:30;17:10;18:25;19:35
Via Tiburtina (Villalba);Guidonia;06:42;07:51;09:04;10:42;12:42;13:57;15:32;17:12;18:27;19:37
Via Tiburtina Via Palermo;Guidonia;06:43;07:52;09:05;10:43;12:43;13:58;15:33;17:13;18:28;19:38
Via Tiburtina (Cava Travertino);Tivoli;06:44;07:53;09:06;10:44;12:44;13:59;15:34;17:14;18:29;19:39
Via Tiburtina Via Canneti;Tivoli;06:45;07:54;09:07;10:45;12:45;14:00;15:35;17:15;18:30;19:40
Via Tiburtina (Pontelucano);Guidonia;06:46;07:55;09:08;10:46;12:46;14:01;15:36;17:16;18:31;19:41
Via Rosolina (Ponte Lucano);Tivoli;06:49;07:58;09:11;10:49;12:49;14:04;15:39;17:19;18:34;19:44
Via Rosolina Via Serena;Tivoli;06:50;07:59;09:12;10:50;12:50;14:05;15:40;17:20;18:35;19:45
Via Rosolina Via Galli;Tivoli;06:51;08:00;09:13;10:51;12:51;14:06;15:41;17:21;18:36;19:46
VILLA ADRIANA, Largo Marguerite Yourcenar 00010 Tivoli RM, Italia;;06:52;08:01;09:14;10:52;12:52;14:07;15:42;17:22;18:37;19:47
Via Villa Adriana Via Rosolina;Tivoli;06:53;08:02;09:15;10:53;12:53;14:08;15:43;17:23;18:38;19:48
Via di Villa Adriana, 154;Tivoli;06:53;08:02;09:15;10:53;12:53;14:08;15:43;17:23;18:38;19:48
Via Villa Adriana Via S. Salvatore;Tivoli;06:54;08:03;09:16;10:54;12:54;14:09;15:44;17:24;18:39;19:49
Via Tiburtina (Villa Adriana);Tivoli;06:55;08:04;09:17;10:55;12:55;14:10;15:45;17:25;18:40;19:50
Via Tiburtina Via Orti;Tivoli;06:55;08:04;09:17;10:55;12:55;14:10;15:45;17:25;18:40;19:50
Via Tiburtina Via S. Vittorino;Tivoli;06:58;08:07;09:20;10:58;12:58;14:13;15:48;17:28;18:43;19:53
Via Tiburtina (G. d. Finanza);Tivoli;07:01;08:10;09:23;11:01;13:01;14:16;15:51;17:31;18:46;19:56
Via Tiburtina Viale Arnaldi;Tivoli;07:01;08:10;09:23;11:01;13:01;14:16;15:51;17:31;18:46;19:56
Piazzale Nazioni Unite;Tivoli;07:02;08:11;09:24;11:02;13:02;14:17;15:52;17:32;18:47;19:57
Tivoli viale Tomei /Ospedale;;07:03;08:12;09:25;11:03;13:03;14:18;15:53;17:33;18:48;19:58
Viale Roma (Ospedale);Tivoli;07:04;08:13;09:26;11:04;13:04;14:19;15:54;17:34;18:49;19:59
PIAZZA MASSIMO - Largo Sant'Angelo;Tivoli;07:05;08:14;09:27;11:05;13:05;14:20;15:55;17:35;18:50;20:00
