Linea C2_4 – Stazione di Arsoli - Vivaro Romano;Lunedì–Sabato;;;;
Fermata;Località;L1_LCF0815C2_4RC2_4RA;L1_LCF1437C2_4RC2_4RA;L1_LCF1522C2_4RC2_4RA;L1_LCF1905C2_4RC2_4RA;L1_LCF2000C2_4RC2_4RA
Stazione FS Arsoli;;08:15;14:37;15:22;19:05;20:00
Stazione FS;Arsoli;08:15;14:37;15:22;19:05;20:00
Via Tiburtina Via Vivaro;Riofreddo;08:18;14:40;15:25;19:08;20:03
Cimitero;Riofreddo;08:20;14:42;15:27;19:10;20:05
Piazza Santissima Annunziata;Riofreddo;08:22;14:44;15:29;19:12;20:07
Via Vivaro Via Colle Roberto;Riofreddo;08:23;14:45;15:30;19:13;20:08
Via Vivaro Via Costarelle;Riofreddo;08:25;14:47;15:32;19:15;20:10
Via San Rocco;Vallinfreda;08:32;14:54;15:39;19:22;20:17
Pero;Conifere;08:33;14:55;15:40;19:23;20:18
Cimitero;Vivaro Romano;08:37;14:59;15:44;19:27;20:22
Via Roma;Vivaro;08:38;15:00;15:45;19:28;20:23
